1,8692446772,2024-06-01 05:17:32,2024-06-01 13:17:32,251
2,9202502845,2024-06-01 07:30:32,2024-06-01 19:30:32,379
3,9786562782,2024-06-01 09:42:32,2024-06-01 16:42:32,1953
4,7902579011,2024-06-01 14:11:32,2024-06-01 20:11:32,2842
5,6209747940,2024-06-01 16:23:32,2024-06-02 00:23:32,3675
6,8692446772,2024-06-02 08:15:32,2024-06-02 13:15:32,2084
7,9202502845,2024-06-02 12:34:32,2024-06-02 20:34:32,286
8,9786562782,2024-06-02 14:56:32,2024-06-02 21:56:32,1983
9,7902579011,2024-06-02 18:18:32,2024-06-03 01:18:32,2671
10,6209747940,2024-06-03 02:50:32,2024-06-03 08:50:32,593
11,8692446772,2024-06-03 06:12:32,2024-06-03 13:12:32,2342
12,9202502845,2024-06-03 10:24:32,2024-06-03 16:24:32,2938
13,9786562782,2024-06-03 13:36:32,2024-06-03 21:36:32,641
14,7902579011,2024-06-03 18:48:32,2024-06-04 00:48:32,392
15,6209747940,2024-06-04 02:10:32,2024-06-04 10:10:32,2154
16,8692446772,2024-06-04 05:22:32,2024-06-04 13:22:32,2918
17,9202502845,2024-06-04 10:34:32,2024-06-04 18:34:32,379
18,9786562782,2024-06-04 13:46:32,2024-06-04 21:46:32,342
19,7902579011,2024-06-04 16:58:32,2024-06-05 00:58:32,271
20,6209747940,2024-06-05 02:10:32,2024-06-05 10:10:32,2384
21,8692446772,2024-06-05 05:22:32,2024-06-05 13:22:32,312
22,9202502845,2024-06-05 09:34:32,2024-06-05 15:34:32,297
23,9786562782,2024-06-05 12:46:32,2024-06-05 20:46:32,2874
24,7902579011,2024-06-05 14:58:32,2024-06-05 22:58:32,764
25,6209747940,2024-06-06 02:10:32,2024-06-06 08:10:32,2918
26,8692446772,2024-06-06 05:22:32,2024-06-06 13:22:32,3429
27,9202502845,2024-06-06 08:34:32,2024-06-06 14:34:32,2394
28,9786562782,2024-06-06 10:46:32,2024-06-06 18:46:32,253
29,7902579011,2024-06-06 13:58:32,2024-06-06 21:58:32,3672
30,6209747940,2024-06-07 02:10:32,2024-06-07 10:10:32,361
31,8692446772,2024-06-07 05:22:32,2024-06-07 13:22:32,320
32,9202502845,2024-06-07 08:34:32,2024-06-07 16:34:32,2154
33,9786562782,2024-06-07 12:46:32,2024-06-07 18:46:32,3141
34,7902579011,2024-06-07 14:58:32,2024-06-07 22:58:32,3912
35,6209747940,2024-06-08 02:10:32,2024-06-08 10:10:32,245
36,8692446772,2024-06-08 06:22:32,2024-06-08 14:22:32,2314
37,9202502845,2024-06-08 09:34:32,2024-06-08 15:34:32,2642
38,9786562782,2024-06-08 11:46:32,2024-06-08 17:46:32,274
39,7902579011,2024-06-08 14:58:32,2024-06-08 22:58:32,3942
40,6209747940,2024-06-09 02:10:32,2024-06-09 10:10:32,2123
41,8692446772,2024-06-09 05:22:32,2024-06-09 13:22:32,245
42,9202502845,2024-06-09 08:34:32,2024-06-09 16:34:32,2742
43,9786562782,2024-06-09 12:46:32,2024-06-09 20:46:32,2981
44,7902579011,2024-06-09 14:58:32,2024-06-09 22:58:32,819
45,6209747940,2024-06-10 02:10:32,2024-06-10 10:10:32,2974
46,8692446772,2024-06-10 06:22:32,2024-06-10 14:22:32,3174
47,9202502845,2024-06-10 09:34:32,2024-06-10 15:34:32,2194
48,9786562782,2024-06-10 11:46:32,2024-06-10 19:46:32,2318
49,7902579011,2024-06-10 14:58:32,2024-06-10 22:58:32,3246
50,6209747940,2024-06-11 02:10:32,2024-06-11 10:10:32,2837
51,8692446772,2024-06-11 06:22:32,2024-06-11 14:22:32,2874
52,9202502845,2024-06-11 08:34:32,2024-06-11 16:34:32,3248
53,9786562782,2024-06-11 12:46:32,2024-06-11 20:46:32,2589
54,7902579011,2024-06-11 14:58:32,2024-06-11 22:58:32,3142
55,6209747940,2024-06-12 02:10:32,2024-06-12 10:10:32,214
56,8692446772,2024-06-12 06:22:32,2024-06-12 14:22:32,3781
57,9202502845,2024-06-12 09:34:32,2024-06-12 15:34:32,2642
58,9786562782,2024-06-12 12:46:32,2024-06-12 18:46:32,271
59,7902579011,2024-06-12 14:58:32,2024-06-12 22:58:32,3978
60,6209747940,2024-06-13 02:10:32,2024-06-13 10:10:32,321
61,8692446772,2024-06-13 05:22:32,2024-06-13 13:22:32,2745
62,9202502845,2024-06-13 08:34:32,2024-06-13 14:34:32,2972
63,9786562782,2024-06-13 12:46:32,2024-06-13 18:46:32,325
64,7902579011,2024-06-13 14:58:32,2024-06-13 22:58:32,3841
65,6209747940,2024-06-14 02:10:32,2024-06-14 10:10:32,2587
66,8692446772,2024-06-14 05:22:32,2024-06-14 13:22:32,2913
67,9202502845,2024-06-14 09:34:32,2024-06-14 15:34:32,2314
68,9786562782,2024-06-14 12:46:32,2024-06-14 20:46:32,258
69,7902579011,2024-06-14 14:58:32,2024-06-14 22:58:32,3784
70,6209747940,2024-06-15 02:10:32,2024-06-15 10:10:32,2914
71,8692446772,2024-06-15 06:22:32,2024-06-15 14:22:32,291
72,9202502845,2024-06-15 09:34:32,2024-06-15 15:34:32,321
73,9786562782,2024-06-15 12:46:32,2024-06-15 18:46:32,2745
74,7902579011,2024-06-15 14:58:32,2024-06-15 22:58:32,3542
75,6209747940,2024-06-16 02:10:32,2024-06-16 10:10:32,241
76,8692446772,2024-06-16 05:22:32,2024-06-16 13:22:32,2384
77,9202502845,2024-06-16 08:34:32,2024-06-16 16:34:32,2891
78,9786562782,2024-06-16 12:46:32,2024-06-16 18:46:32,3248
79,7902579011,2024-06-16 14:58:32,2024-06-16 22:58:32,378
80,6209747940,2024-06-17 02:10:32,2024-06-17 10:10:32,3218
81,8692446772,2024-06-17 06:22:32,2024-06-17 14:22:32,2971
82,9202502845,2024-06-17 09:34:32,2024-06-17 15:34:32,3247
83,9786562782,2024-06-17 12:46:32,2024-06-17 18:46:32,2981
84,7902579011,2024-06-17 14:58:32,2024-06-17 22:58:32,3821
85,6209747940,2024-06-18 02:10:32,2024-06-18 10:10:32,245
86,8692446772,2024-06-18 05:22:32,2024-06-18 13:22:32,3647
87,9202502845,2024-06-18 09:34:32,2024-06-18 15:34:32,2318
88,9786562782,2024-06-18 12:46:32,2024-06-18 18:46:32,2687
89,7902579011,2024-06-18 14:58:32,2024-06-18 22:58:32,3842
90,6209747940,2024-06-19 02:10:32,2024-06-19 10:10:32,254
91,8692446772,2024-06-19 05:22:32,2024-06-19 13:22:32,3147
92,9202502845,2024-06-19 08:34:32,2024-06-19 14:34:32,2684
93,9786562782,2024-06-19 11:46:32,2024-06-19 18:46:32,3542
94,7902579011,2024-06-19 14:58:32,2024-06-19 22:58:32,3741
95,6209747940,2024-06-20 02:10:32,2024-06-20 10:10:32,3245
96,8692446772,2024-06-20 06:22:32,2024-06-20 14:22:32,2941
97,9202502845,2024-06-20 09:34:32,2024-06-20 15:34:32,384
98,9786562782,2024-06-20 12:46:32,2024-06-20 18:46:32,2458
99,7902579011,2024-06-20 14:58:32,2024-06-20 22:58:32,3745
100,6209747940,2024-06-21 02:10:32,2024-06-21 10:10:32,274